x1,y1,x2,y2,x3,y3,x4,y4,crs,tile_x,tile_y
147.9552989984,-19.893321306346,148.00410056000712,-19.89305027461869,148.00439880419492,-19.93921733314946,147.95557859902684,-19.939492752634816,CRS84,0,0
147.95585945749298,-19.98584466749616,148.00469662075258,-19.985570010012474,148.0049916604874,-20.031741741594235,147.95613938437384,-20.03201563202722,CRS84,0,1024
147.96093354630202,-20.81851099005911,148.0100332579901,-20.818237803821088,148.01033095712697,-20.864404284528614,147.96121650159273,-20.864677536047814,CRS84,0,10240
147.95613993233616,-20.03210598592903,148.00499223734536,-20.031832096665603,148.005286937869,-20.078003287335214,147.95642002310296,-20.078276708886396,CRS84,0,1536
147.95642057138647,-20.078367062314996,148.00528751453245,-20.078093641466175,148.0055822200986,-20.124264405403572,147.95670082654652,-20.124537543236308,CRS84,0,2048
147.95670137515225,-20.12462789619081,148.00558279691285,-20.124354758787263,148.00587761572027,-20.170525170874388,147.9569817952139,-20.17079813461434,CRS84,0,2560
147.95698234414283,-20.17088848709383,148.0058781928081,-20.170615523617343,148.00617316640617,-20.216785624666176,147.9572629296154,-20.217058482558507,CRS84,0,3072
147.95726347886855,-20.217148834562092,148.00617374381955,-20.21687597682689,148.00646889089376,-20.263045789709075,147.95754423026244,-20.26331858660747,CRS84,0,3584
147.9575447798408,-20.263408938134248,148.0064694686578,-20.26313614132124,148.00676479873326,-20.309305679498976,147.95782569766743,-20.309578446300538,CRS84,0,4096
147.95782624757194,-20.309668797349598,148.0067653768616,-20.30939603058291,148.0070608953303,-20.355565302339837,147.9581073323438,-20.355838061177646,CRS84,0,4608
147.9555791463497,-19.939583107480306,148.0043993880777,-19.93930768779232,148.00469604250162,-19.985479653807058,147.9558589098509,-19.985754313122065,CRS84,0,512
147.95810788257552,-20.355928411748103,148.0070614738311,-20.355655652908307,148.00735718404,-20.401824663524742,147.958389134806,-20.402097430779396,CRS84,0,5120
147.95838968536594,-20.402187780870353,148.00735776291847,-20.401915013586017,148.00765366712548,-20.448083766515463,147.95867110556964,-20.44835655464703,CRS84,0,5632
147.9586716564588,-20.44844690425759,148.00765424638533,-20.448174116075,148.00795034623295,-20.494342613612723,147.9589532451513,-20.494615432322437,CRS84,0,6144
147.95895379637068,-20.49470578145171,148.00795092587703,-20.494432962674175,148.00824722264244,-20.540601206354236,147.95923555406858,-20.54087406334817,CRS84,0,6656
147.9592361056192,-20.540964411995255,148.00824780267294,-20.540691554920038,148.00854429740755,-20.586859545760475,147.9595180328402,-20.587132447267415,CRS84,0,7168
147.9595185847231,-20.587222795431423,148.0085448778264,-20.586949893832227,148.00884157143702,-20.633117632491793,147.95980068198594,-20.633390583624017,CRS84,0,7680
147.9598012342021,-20.63348093130406,148.00884215224588,-20.633207980070495,148.00913904554398,-20.67937546695171,147.9600835020266,-20.679648471962473,CRS84,0,8192
147.96008405457704,-20.67973881915766,148.00913962674434,-20.67946581403796,148.00943672047708,-20.7256330493569,147.9603664934841,-20.725906111827946,CRS84,0,8704
147.96036704636987,-20.725996458537384,148.0094373020704,-20.725723395950983,148.00973459694046,-20.771890379785543,147.9606496568814,-20.772163502766237,CRS84,0,9216
147.9606502101035,-20.772253848989052,148.00973517892808,-20.77198072588748,148.01003267560694,-20.818147458211424,147.96093299274258,-20.81842064432382,CRS84,0,9728
148.05309295457877,-19.892764724509362,148.10189416691827,-19.89246688278435,148.102218946465,-19.938630317872718,148.05340448636989,-19.93892911741094,CRS84,1024,0
148.05371931928303,-19.98527909708608,148.10254821441774,-19.984977743031237,148.10287605736278,-20.031147399948914,148.05403121602467,-20.031450519572367,CRS84,1024,1024
148.0593251426534,-20.817948960700992,148.10842439909894,-20.817646752867457,148.108751723713,-20.863813171336687,148.05963767177272,-20.86411540043545,CRS84,1024,10240
148.05403182483093,-20.031540875075187,148.10287669783202,-20.03123775323196,148.10320338350218,-20.07740867763082,148.05434241498148,-20.07771246049331,CRS84,1024,1536
148.05434302202679,-20.077802815563782,148.10320402174347,-20.077499032143656,148.10352975016355,-20.12367020404054,148.0546530085927,-20.123974054625112,CRS84,1024,2048
148.05465361492375,-20.12406440889069,148.10353038691952,-20.123760558487376,148.10385553913014,-20.169931552369082,148.05496338709762,-20.170235230590087,CRS84,1024,2560
148.05496399324278,-20.170325584050595,148.10385617508004,-20.1700219062707,148.1041810414364,-20.216192576381854,148.055273746195,-20.216496010148905,CRS84,1024,3072
148.0552743524217,-20.216586362868217,148.10418167703955,-20.216282929593905,148.10450644615136,-20.262453238937137,148.05558418700176,-20.26275642632106,CRS84,1024,3584
148.0555847934522,-20.262846778360153,148.10450708169807,-20.262543591437996,148.10483187214444,-20.30871354133447,148.05589476472883,-20.3090165068934,CRS84,1024,4096
148.05589537148327,-20.309106858299565,148.10483250781724,-20.308803893142994,148.1051573946966,-20.354973496535763,148.05620551128592,-20.355276272760214,CRS84,1024,4608
148.05340510053318,-19.939019463787442,148.1022195865646,-19.9387206600306,148.10254757201122,-19.98488739375118,148.05371870710024,-19.985188743118794,CRS84,1024,512
148.05620611839208,-20.355366623568223,148.10515803061227,-20.355063847680896,148.1054830625203,-20.401233119472874,148.05651644611822,-20.40153573919313,CRS84,1024,5120
148.05651705360597,-20.401626089428333,148.10548369875553,-20.40132346998307,148.10580890797522,-20.44749242381181,148.0568275816623,-20.44779491732459,CRS84,1024,5632
148.05682818955123,-20.447885267005507,148.1058095445816,-20.447582773711762,148.10613495315292,-20.4937514211122,148.05713892623308,-20.49405381532022,CRS84,1024,6144
148.05713953453656,-20.49414416446048,148.10613559016628,-20.49384177042237,148.1064612135466,-20.54001012083657,148.05745048562386,-20.540312439222614,CRS84,1024,6656
148.05745109435142,-20.54040278783238,148.10646185099236,-20.540100469573552,148.1067877003085,-20.586268530622892,148.05776226403074,-20.586570793542826,CRS84,1024,7168
148.05776287318943,-20.586661141629698,148.1067883382052,-20.586358878800027,148.10711442167002,-20.63252665660335,148.05807426460683,-20.632828881673706,CRS84,1024,7680
148.05807487420202,-20.632919229243416,148.10711506003156,-20.632617004231342,148.10744138385536,-20.678784503695134,148.05838648980554,-20.67908670618083,CRS84,1024,8192
148.05838709984153,-20.67917705323773,148.10744202269237,-20.678874850782567,148.10776859168234,-20.725042075843483,148.05869894159972,-20.72534426900948,CRS84,1024,8704
148.05869955207996,-20.725434615556868,148.10776923100312,-20.72513242239724,148.10809604896548,-20.771299376217556,148.05901162162505,-20.77160157163383,CRS84,1024,9216
148.05901223255248,-20.771691917674193,148.1080966887767,-20.771389722243175,148.10842375879184,-20.81755640736552,148.05932453127622,-20.81785861516577,CRS84,1024,9728
148.933198411637,-19.885338192826246,148.9819950006142,-19.88479912069872,148.98257271247442,-19.93095739553875,148.93376199997178,-19.931496827032944,CRS84,10240,0
148.93432944171735,-19.977835991381326,148.98315432119043,-19.977296187219583,148.98373526134836,-20.023454289503142,148.934896276796,-20.02399448732596,CRS84,10240,1024
148.94471978475107,-20.81035445602483,148.9938053117229,-20.80980393890388,148.99440324375163,-20.855965571652405,148.94530275666625,-20.856516667110157,CRS84,10240,10240
148.93489738759834,-20.02408481712848,148.98373639975188,-20.023544618507295,148.9843188879768,-20.069702789894894,148.93546576942376,-20.070243413251134,CRS84,10240,1536
148.93546688318222,-20.070333743346527,148.9843200293483,-20.06979311912432,148.98490399775997,-20.115951446664766,148.9360367339117,-20.116492532681733,CRS84,10240,2048
148.93603785045863,-20.116582863234196,148.98490514195257,-20.116041776274795,148.98549050979318,-20.162200330967025,148.93660907839177,-20.162741919812934,CRS84,10240,2560
148.93661019753776,-20.162832250947567,148.9854916566392,-20.16229066107975,148.98607833481265,-20.208449496428926,148.93718270265302,-20.208991628382723,CRS84,10240,3072
148.93718382419775,-20.20908196018431,148.98607948413252,-20.208539827131588,148.9866673796997,-20.25469897891625,148.9377575035113,-20.255241691759323,CRS84,10240,3584
148.9377586272536,-20.25533202427379,148.98666853131056,-20.254789310261906,148.98725755158588,-20.300948797352326,148.93833337956113,-20.301492124286177,CRS84,10240,4096
148.9383345053073,-20.301582457524297,148.98725870530896,-20.301039129362326,148.98784876130685,-20.347198955349754,148.93891023502258,-20.347742923542782,CRS84,10240,4608
148.9337631044977,-19.931587156873917,148.9825738446267,-19.931047724668556,148.98315318587228,-19.97720585825622,148.93432833400644,-19.97774566167275,CRS84,10240,512
148.93891136259313,-20.347833257485206,148.98784991697352,-20.347289288017528,148.9884409260687,-20.393449443380867,148.93948798255607,-20.393994073154396,CRS84,10240,5120
148.93948911178995,-20.394084407757457,148.98844208352483,-20.393539776676526,148.9890339712954,-20.439700241221633,148.94006654505262,-20.440245545813692,CRS84,10240,5632
148.94006767580996,-20.440335881015304,148.98903513040418,-20.43979057509684,148.98962783170884,-20.4859513204409,148.94064585650756,-20.48649730624165,CRS84,10240,6144
148.9406469886705,-20.48658764196695,148.98962899235224,-20.486041654833677,148.990222451747,-20.53220264676051,148.9412258621418,-20.53274931389417,CRS84,10240,6656
148.94122699561413,-20.532839650060403,148.990223613826,-20.532292981599614,148.99081778545425,-20.57845418216846,148.94180651795662,-20.579001525297745,CRS84,10240,7168
148.94180765266242,-20.57909186181846,148.99081894888823,-20.578544517377217,148.99141379598282,-20.62470588671986,148.942387789901,-20.625253895963805,CRS84,10240,7680
148.94238892578286,-20.62534423275217,148.99141496070825,-20.624796222219384,148.9920104548347,-20.670957720002882,148.94296965280952,-20.671506381880505,CRS84,10240,8192
148.94297078982623,-20.67159671885178,148.9920116208035,-20.671048055714575,148.99260774095458,-20.717209642278018,148.94355208923585,-20.717758940613805,CRS84,10240,8704
148.9435532273601,-20.71784927768721,148.9926089081323,-20.71729997812552,148.99320563976173,-20.7634616153195,148.94413508827645,-20.76401153206866,CRS84,10240,9216
148.94413622749258,-20.764101869168528,148.9932068081256,-20.763551951230042,148.9938041421858,-20.809713602998524,148.94471864444913,-20.810264118968345,CRS84,10240,9728
148.101989668132,-19.892466286807693,148.15079069349804,-19.892155040478244,148.1511290693211,-19.938318003020516,148.10231447396222,-19.938629720674285,CRS84,1536,0
148.1026437690792,-19.984977141844666,148.15147206605388,-19.984663808059437,148.151814713494,-20.030831583258326,148.10297164191616,-20.03114679490517,CRS84,1536,1024
148.10852048321814,-20.81764614731987,148.15761915765805,-20.817329508795215,148.15796133909026,-20.863495917846507,148.10884783681533,-20.863812565761954,CRS84,1536,10240
148.10297228244568,-20.031237148182274,148.15181538387782,-20.030921933280098,148.15215760549236,-20.077091525735625,148.1032989991566,-20.07740807041728,CRS84,1536,1536
148.1032996374587,-20.077498424927406,148.152158274426,-20.07718187829773,148.15249969228367,-20.123352337095355,148.10362539676893,-20.12366959600035,CRS84,1536,2048
148.10362603358487,-20.12375995044646,148.15250035966963,-20.12344269062972,148.15284107967906,-20.169613393861184,148.1039512161681,-20.169930944229804,CRS84,1536,2560
148.1039518521769,-20.17002129813164,148.1528417459116,-20.16970374747676,148.15318199037165,-20.21587436570227,148.10427674841193,-20.21619196847264,CRS84,1536,3072
148.10427738407316,-20.2162823216853,148.153182655887,-20.215964718959132,148.15352262802656,-20.262135096362694,148.10460218268489,-20.262452631379027,CRS84,1536,3584
148.104602818289,-20.26254298388061,148.15352329317668,-20.262225449063624,148.15386314816283,-20.30839551912559,148.10492763796742,-20.308712934148705,CRS84,1536,4096
148.1049282736972,-20.308803285957936,148.15386381320528,-20.30848587119286,148.15420366258303,-20.354655610337776,148.10525318962712,-20.354972889698736,CRS84,1536,4608
148.10231511411232,-19.938720062826636,148.15112973547375,-19.938408343094352,148.15147139580893,-19.984573462607717,148.10264312661664,-19.9848867925733,CRS84,1536,512
148.1052538255995,-20.355063240844512,148.15420432770054,-20.354745961749586,148.1545442502759,-20.40091536607339,148.1055788864397,-20.401232512942965,CRS84,1536,5120
148.10557952273146,-20.401322863453704,148.1545449155974,-20.40100571683278,148.15488496711376,-20.44717479085224,148.10590476081015,-20.447491817542097,CRS84,1536,5632
148.10590539747295,-20.447582167442516,148.1548856327308,-20.447265140972206,148.15522585300874,-20.49343389230724,148.10623083486257,-20.49375081505641,CRS84,1536,6144
148.1062314719323,-20.49384116436696,148.15522651898723,-20.493524241803843,148.15556693687222,-20.539692678732095,148.1065571241137,-20.540009514951535,CRS84,1536,6656
148.1065577616158,-20.540099863688805,148.15556760326024,-20.53978302762135,148.1559082399804,-20.585951158012275,148.10688363973296,-20.586267924869464,CRS84,1536,7168
148.10688427768602,-20.586358273046827,148.15590890681364,-20.58604150630885,148.15624977825183,-20.63220933721432,148.1072103899645,-20.63252605094655,CRS84,1536,7680
148.10721102838244,-20.632616398574704,148.15625044555728,-20.63229968493112,148.15659156379783,-20.678467222482006,148.10753738104216,-20.67878389810388,CRS84,1536,8192
148.10753801993562,-20.678874245191412,148.15659223159616,-20.678557569630133,148.15693360598786,-20.72472481906902,148.10786461779102,-20.72504147029025,CRS84,1536,8704
148.1078652571683,-20.725131816844055,148.1569342742952,-20.72481516565792,148.1572759121907,-20.77098213142586,148.10819210403127,-20.771298770677966,CRS84,1536,9216
148.10819274389908,-20.771389116703592,148.1572765810199,-20.771072477463495,148.15761848829672,-20.817239163302126,148.10851984285435,-20.81755580181796,CRS84,1536,9728
148.15088619433783,-19.89215441826975,148.19968702450493,-19.89182976761482,148.2000391940382,-19.937992420769326,148.15122459694408,-19.93831738010013,CRS84,2048,0
148.1515676203218,-19.984663182667305,148.2003958410516,-19.984337198324717,148.20075266660697,-20.030503449080147,148.15191029589934,-20.030830954500914,CRS84,2048,1024
148.1577152405269,-20.817328875078687,148.20681322556956,-20.816997883707682,148.20717030239618,-20.86316428572834,148.1580574510126,-20.86349528411722,CRS84,2048,10240
148.15191096633995,-20.030921304516287,148.20075336548422,-20.030593796028967,148.20111046515726,-20.076761933444736,148.15225321759957,-20.077090894119028,CRS84,2048,1536
148.15225388659212,-20.07718124667651,148.20111116372073,-20.07685228347995,148.2014678739154,-20.12302165660248,148.15259533474656,-20.123351703613366,CRS84,2048,2048
148.15259600219198,-20.123442057145,148.2014685714289,-20.123112008415067,148.20182471520093,-20.16928201659842,148.1529367525382,-20.169612759364185,CRS84,2048,2560
148.15293741882996,-20.16970311297842,148.2018254116218,-20.169372369183154,148.20218105069836,-20.215542593775687,148.153277693407,-20.2158737307579,CRS84,2048,3072
148.15327835898103,-20.21596408401428,148.2021817462589,-20.215632946489436,148.20253701979544,-20.26180313234951,148.15361836095926,-20.262134461306253,CRS84,2048,3584
148.1536190261675,-20.262224814007183,148.2025377147854,-20.261893484818604,148.20289276574965,-20.308063488096018,148.15395891073862,-20.308394884138217,CRS84,2048,4096
148.15395957583877,-20.308485236205733,148.2028934604315,-20.308153840116685,148.20324841055262,-20.35432358441393,148.15429945459704,-20.354654975506936,CRS84,2048,4608
148.15122526314806,-19.938407720170975,148.2000398866748,-19.938082759623892,148.20039514378595,-19.984246855557995,148.15156695002364,-19.98457283722185,CRS84,2048,512
148.15430011977188,-20.354745326919097,148.20324910513935,-20.354413935881624,148.2036040506971,-20.4005833833819,148.15464007157345,-20.40091473143213,CRS84,2048,5120
148.15464073695202,-20.401005082191897,148.20360474535372,-20.40067373424766,148.20395976017838,-20.446842868446335,148.15498081758352,-20.44717415640309,CRS84,2048,5632
148.15498148325747,-20.447264506523418,148.20396045503043,-20.446933218691406,148.20431559511928,-20.493102034514255,148.1553217325746,-20.49343325803626,CRS84,2048,6144
148.15532239860985,-20.493523607533195,148.2043162902618,-20.493192384135785,148.2046715980595,-20.53936088240834,148.1556628454857,-20.53969204461706,CRS84,2048,6656
148.1556635119304,-20.539782393506602,148.20467229356464,-20.53945123141144,148.2050278014045,-20.585619415806388,148.15600417761462,-20.58595052402737,CRS84,2048,7168
148.15600484450454,-20.586040872324176,148.2050284973275,-20.585709764199787,148.2053842300421,-20.631877639575208,148.15634574489684,-20.632208703332775,CRS84,2048,7680
148.15634641225896,-20.632299051049742,148.20538492642558,-20.631967987368924,148.20574090327733,-20.678135558882573,148.1566875594567,-20.67846658867755,CRS84,2048,8192
148.15668822731172,-20.678556935825796,148.20574160015454,-20.67822590608664,148.20609783624954,-20.724393178741387,148.157029630674,-20.72472418531666,CRS84,2048,8704
148.15703029903807,-20.724814531905636,148.20609853364667,-20.724483525365272,148.2064550409684,-20.77065050379269,148.15737196592576,-20.77098149770223,CRS84,2048,9216
148.1573726348117,-20.771071843739897,148.20645573890639,-20.770740849845026,148.20681252707382,-20.81690753821918,148.15771457110876,-20.81723852958561,CRS84,2048,9728
148.19978252495468,-19.89182911917505,148.24858315169797,-19.8914910644856,148.24894923118038,-19.937653470132787,148.20013472156145,-19.937991771804185,CRS84,2560,0
148.2004913952907,-19.984336547733484,148.24931960153873,-19.983997544463183,148.24969035524305,-20.030162631335646,148.2008482482102,-20.030502795890904,CRS84,2560,1024
148.2069093069973,-20.816997221988743,148.2560065158177,-20.81665196837686,148.25637852962797,-20.862818355363444,148.20726641295673,-20.863163623991273,CRS84,2560,10240
148.20084894714222,-20.03059314283423,148.24969108184922,-20.03025297573993,148.2500626129648,-20.076419793026226,148.20120607536265,-20.07676127749787,CRS84,2560,1536
148.20120677398302,-20.076851627528026,148.2500633402558,-20.076510140536406,148.25043492663076,-20.12267832329295,148.2015635136156,-20.123020998359262,CRS84,2560,2048
148.20156421118728,-20.123111350168,148.25043565357856,-20.122768673012015,148.25080694216672,-20.168937750079593,148.20192038482884,-20.169281356706342,CRS84,2560,2560
148.20192108130834,-20.16937170928847,148.25080766837598,-20.169028101113895,148.25117856306312,-20.21519766217096,148.2022767503517,-20.215541932814556,CRS84,2560,3072
148.20227744597085,-20.215632285526695,148.2511792885118,-20.215288013821812,148.25154982815266,-20.261457757921058,148.20263274939515,-20.261802470753754,CRS84,2560,3584
148.20263344444345,-20.26189282322193,148.25155055298848,-20.26154810970485,148.25192082989562,-20.307717835879185,148.2029885251481,-20.308062826161642,CRS84,2560,4096
148.202989219888,-20.308153178181865,148.25192155431864,-20.307808187484063,148.25229167131172,-20.353977769094552,148.20334419959187,-20.3543229223304,CRS84,2560,4608
148.20013541425016,-19.938082110656833,148.24894995063636,-19.937743808146795,148.249318877409,-19.983907203593596,148.20049069797255,-19.98424620497112,CRS84,2560,512
148.20334489423635,-20.35441327379794,148.2522923955186,-20.35406812032871,148.25266244723358,-20.400237480893995,148.20369986923524,-20.400582721263877,CRS84,2560,5120
148.20370056394935,-20.400673072129656,148.25266317139625,-20.40032783164403,148.2530332381755,-20.44649692681292,148.20405560809874,-20.446842206358475,CRS84,2560,5632
148.20405630300806,-20.446932556603645,148.25303396243646,-20.44658727701472,148.2534041098886,-20.492756082390077,148.20441147233169,-20.49310137248866,CRS84,2560,6144
148.20441216753133,-20.49319172211033,148.25340483436275,-20.492846432009763,148.25377511507887,-20.53901493532041,148.20476750449805,-20.53936022045646,CRS84,2560,6656
148.20476820006024,-20.539450569459703,148.2537758398579,-20.539105284342266,148.25414629567737,-20.585273480540444,148.2051237370243,-20.58561875392678,CRS84,2560,7168
148.2051244330043,-20.585709102320315,148.2541470208341,-20.58536382895946,148.2545176850051,-20.631531717195525,148.20548019481583,-20.63187697775866,CRS84,2560,7680
148.20548089125626,-20.63196732555249,148.2545184105974,-20.6316220650128,148.2548893096135,-20.677789646786454,148.20583689719226,-20.6781348971154,CRS84,2560,8192
148.20583759412636,-20.678225244319542,148.25489003568765,-20.677879994006393,148.25526119076937,-20.724047272046644,148.20619385930476,-20.724392517007487,CRS84,2560,8704
148.20619455675882,-20.72448286363142,148.25526191736256,-20.724137618675297,148.2556333456209,-20.770304596269217,148.20655109317292,-20.77064984207494,CRS84,2560,9216
148.20655179116784,-20.77074018812729,148.2556340727632,-20.77039494231329,148.25600578810173,-20.816561622910633,148.20690860844456,-20.816906876500262,CRS84,2560,9728
148.24867865174159,-19.89149038981514,148.297479066837,-19.891138931394142,148.29785912822572,-19.937301113004413,148.24904475847273,-19.937652795009583,CRS84,3072,0
148.24941515572579,-19.983996868174433,148.29824331337537,-19.983644662403933,148.29862792192364,-20.02980885351638,148.24978593652628,-20.030161953067086,CRS84,3072,1024
148.25610259565573,-20.81665127884185,148.30519896341258,-20.816291861055614,148.3055859556894,-20.862458214689482,148.2564746386809,-20.862817665784412,CRS84,3072,10240
148.24978666318617,-20.030252297466927,148.29862867591584,-20.029899195876983,148.29901438733395,-20.076064890069183,148.2501582221904,-20.076419112365528,CRS84,3072,1536
148.25015894953683,-20.076509459870973,148.2990151427532,-20.07615523529879,148.29940128570504,-20.122322273787653,148.25053056461726,-20.122677640316596,CRS84,3072,2048
148.25053129162188,-20.12276799003144,148.29940204147027,-20.122412621357565,148.29978818916427,-20.168580680708903,148.25090260949915,-20.1689370651558,CRS84,3072,2560
148.25090333576614,-20.169027416186736,148.29978894467507,-20.16867102992899,148.3001748898513,-20.214839763627648,148.25127426005758,-20.215196975753557,CRS84,3072,3072
148.25127498556435,-20.215287327401928,148.30017564487244,-20.214930113854727,148.30056132976725,-20.261099224815798,148.25164555492256,-20.261457070428172,CRS84,3072,3584
148.25164627981655,-20.26154742221022,148.30056208428599,-20.26118957553624,148.30094753488342,-20.30735883703547,148.25201658643246,-20.307717147647306,CRS84,3072,4096
148.25201731091357,-20.307807499251016,148.3009482889994,-20.30744918787334,148.3013335694895,-20.353618438503997,148.2523874575465,-20.353977080374378,CRS84,3072,4608
148.24904547798135,-19.937743133022167,148.29785987473372,-19.937391450357097,148.29824256232664,-19.983554322942695,148.24941443154356,-19.983906527308,CRS84,3072,512
148.25238818181128,-20.354067431607774,148.30133432334583,-20.353708789198738,148.30171950956213,-20.399877919146974,148.2527582630755,-20.400236791863062,CRS84,3072,5120
148.25275898729592,-20.400327142612625,148.30172026330828,-20.399968269524667,148.30210542922183,-20.44613720650461,148.25312908353354,-20.446496237592065,CRS84,3072,5632
148.25312980785205,-20.44658658779358,148.30210618299608,-20.446227556452513,148.30249139490192,-20.492396254219276,148.25349998468207,-20.49275539305838,CRS84,3072,6144
148.25350070921365,-20.492845742677904,148.30249214882494,-20.492486603666368,148.30287746360162,-20.538655033529533,148.25387101924167,-20.53901424592714,CRS84,3072,6656
148.25387174407803,-20.539104594948913,148.30287821777546,-20.53874538243262,148.3032636830908,-20.584913527308068,148.254242229159,-20.585272791113994,CRS84,3072,7168
148.25424295437293,-20.585363139532962,148.30326443760032,-20.585003875642172,148.30365009291828,-20.63117172600489,148.2546136477697,-20.631531027749894,CRS84,3072,7680
148.25461437341917,-20.63162137556713,148.3036508478335,-20.631262073756844,148.30403672564907,-20.67742962493462,148.25498530163867,-20.677788957325866,CRS84,3072,8192
148.25498602776995,-20.677879304545776,148.30403748102756,-20.677519972098736,148.3044236080664,-20.723687222481676,148.25535721204432,-20.724046582568764,CRS84,3072,8704
148.2553579386946,-20.72413692919739,148.30442436395552,-20.723777569056946,148.30481076223404,-20.769944518921452,148.2557293961449,-20.770303906767474,CRS84,3072,9216
148.2557301233443,-20.770394252811485,148.3048115186729,-20.77003486490973,148.30519820639162,-20.81620151565088,148.25610186788262,-20.8165609333757,CRS84,3072,9728
148.29757456645842,-19.89113823049359,148.34637476168265,-19.890773368656024,148.34676885195088,-19.936935332776933,148.29795465520758,-19.93730041167636,CRS84,3584,0
148.29833886742242,-19.98364396016713,148.3471669316316,-19.983278457747357,148.34756539487952,-20.029441937076875,148.2987235030169,-20.029808149733544,CRS84,3584,1024
148.30529504155567,-20.816291143900347,148.35439052520385,-20.815917662371138,148.35479253456208,-20.862083954908325,148.3056820631264,-20.862457497444783,CRS84,3584,10240
148.29872425706242,-20.02989849209057,148.3475661761337,-20.02953227778268,148.3479659424748,-20.075697030558917,148.29910999602322,-20.07606418427742,CRS84,3584,1536
148.29911075149698,-20.076154529502862,148.34796672566992,-20.075787373804715,148.3483672116975,-20.121953373445088,148.2994969226394,-20.122321565850992,CRS84,3584,2048
148.2994976784604,-20.122411913416784,148.3483679958199,-20.12204371897532,148.34876876679888,-20.16821076829739,148.29988385492535,-20.168579970766036,CRS84,3584,2560
148.29988461049294,-20.168670319982446,148.34876955116525,-20.168301115630584,148.3491703389444,-20.21446894964176,148.30027058485524,-20.2148390519692,CRS84,3584,3072
148.30027133993377,-20.21492940219326,148.34917112317768,-20.214559298245288,148.34957179664423,-20.260727654637655,148.30065705426074,-20.261098511776968,CRS84,3584,3584
148.30065780883723,-20.26118886249503,148.34957258059362,-20.260818004028497,148.34997310243938,-20.306986658105444,148.30104328898162,-20.30735812293095,CRS84,3584,4096
148.30104404315546,-20.30744847376701,148.34997388609702,-20.30707700789009,148.35037427456854,-20.35324578271732,148.30142935322093,-20.353617723599402,CRS84,3584,4608
148.29795540176858,-19.937390749027852,148.3467696256723,-19.93702566955598,148.34716615355555,-19.983188119394956,148.29833811632102,-19.98355362070829,CRS84,3584,512
148.30143010713516,-20.35370807429281,148.35037505800477,-20.353336132595583,148.350775359495,-20.399504896135948,148.3018153229057,-20.399877203652522,CRS84,3584,5120
148.30181607670966,-20.39996755402924,148.3507761428155,-20.39959524588853,148.35117641462887,-20.445763903147554,148.30220127213255,-20.446136490579647,CRS84,3584,5632
148.30220202596448,-20.44622684052683,148.35117719794917,-20.4458542526191,148.35157749853963,-20.492022737065795,148.30258726732725,-20.49239553798072,CRS84,3584,6144
148.30258802130788,-20.492485887427293,148.35157828197146,-20.492113086148805,148.35197866600515,-20.538281352207882,148.30297336549103,-20.538654317060818,CRS84,3584,6656
148.30297411972236,-20.53874466596351,148.35197944965006,-20.538371700829543,148.35237996592167,-20.58453971793927,148.3033596144006,-20.58491281066697,CRS84,3584,7168
148.30336036896756,-20.58500315900078,148.35238074986896,-20.584630066051336,148.35278144078507,-20.63079781421093,148.30374605361405,-20.63117100923003,CRS84,3584,7680
148.30374680858662,-20.631261356981746,148.35278222511155,-20.63088816178232,148.3531831269629,-20.67705562832098,148.3041327157062,-20.67742890805045,CRS84,3584,8192
148.304133471142,-20.67751925521436,148.35318391173396,-20.67714597533243,148.35358505531468,-20.723313152610697,148.30451962746983,-20.723686505502304,CRS84,3584,8704
148.30452038341625,-20.7237768520774,148.35358584058568,-20.723403499051045,148.35398725192073,-20.769570382845526,148.30490681097766,-20.769943801853554,CRS84,3584,9216
148.3049075674738,-20.770034147841653,148.35398803773845,-20.769660728709045,148.3543897388,-20.815827317086534,148.30529428447738,-20.81620079849579,CRS84,3584,9728
148.34647026086571,-19.89077264152601,148.39527022799624,-19.890394376598874,148.39567837922175,-19.93655612143639,148.34686437856925,-19.936934605222287,CRS84,4096,0
148.34726248545527,-19.98327772943033,148.39609041746482,-19.98289887948997,148.39650276248642,-20.02906177044497,148.34766097578503,-20.029441207506537,CRS84,4096,1024
148.35448660158826,-20.81591691779141,148.4035811783603,-20.81552947083534,148.40399823835713,-20.861695666598788,148.3548886403115,-20.86208321017665,CRS84,4096,10240
148.34766175709242,-20.029531548209402,148.3965035709828,-20.02915210977834,148.39691733832063,-20.075316067303504,148.3480615508151,-20.075696299302084,CRS84,4096,1536
148.34806233406425,-20.0757866425443,148.39691814910233,-20.075406408836773,148.39733284684388,-20.1215714855525,148.34846284795498,-20.121952640270354,CRS84,4096,2048
148.3484636321324,-20.122042985796774,148.3973336590108,-20.121661829215352,148.39774887869544,-20.167827923338866,148.34886443148235,-20.168210033190377,CRS84,4096,2560
148.3488652159047,-20.168300380519902,148.39774969155965,-20.167918268826714,148.39816514229304,-20.214085193226992,148.34926603248582,-20.214468212748603,CRS84,4096,3072
148.3492668167758,-20.21455856134885,148.39816595540182,-20.214175540131308,148.39858145951686,-20.260343080468516,148.3496675193589,-20.260726916190393,CRS84,4096,3584
148.3496683033655,-20.260817265578453,148.39858227261948,-20.260433428371023,148.39899774229085,-20.306601380430788,148.35006885452938,-20.306985918361505,CRS84,4096,4096
148.35006963824452,-20.307076268143863,148.3989985552851,-20.30669172895625,148.39941396510332,-20.352859916975014,148.35047005614592,-20.353245041921586,CRS84,4096,4608
148.34686515234392,-19.93702494200026,148.3956791802711,-19.936646457683267,148.39608961225093,-19.982808542061573,148.34726170732634,-19.983187391079884,CRS84,4096,512
148.35047083963983,-20.353335391798012,148.39941477798413,-20.352950265812318,148.39983014129444,-20.39911854786516,148.35087117060854,-20.399504154502143,CRS84,4096,5120
148.35087195398677,-20.39959450425328,148.3998309541134,-20.39920889676926,148.4002463055454,-20.44537716305803,148.3512722552873,-20.44576316085227,CRS84,4096,5632
148.3512730386653,-20.44585351032267,148.40024711838274,-20.445467511842605,148.40066250221307,-20.491635679949763,148.3516733687293,-20.492021994249562,CRS84,4096,6144
148.35167415221878,-20.492112343331677,148.40066331515956,-20.491726028476737,148.40107877817613,-20.537894037915173,148.35207456570197,-20.538280608979456,CRS84,4096,6656
148.35207534940452,-20.538370957600396,148.40107959132283,-20.53798438608422,148.40149517880158,-20.584152193261815,148.35247589509913,-20.584538974380898,CRS84,4096,7168
148.35247667910397,-20.584629322492386,148.401495992234,-20.584242541001274,148.40191174591328,-20.63041011501248,148.3528773994188,-20.630797070383505,CRS84,4096,7680
148.35287818380274,-20.63088741795441,148.40191255970902,-20.63050046227198,148.4023285169707,-20.67666778157174,148.35327911503336,-20.67705488426853,CRS84,4096,8192
148.35327989986192,-20.67714523127957,148.40232933119847,-20.6767581283165,148.40274552493625,-20.72292517817913,148.35368107280854,-20.72331240836419,CRS84,4096,8704
148.353681858137,-20.723402754804187,148.40274633965612,-20.72301552438567,148.4031627985056,-20.76918229500482,148.35408329883123,-20.769569638425903,CRS84,4096,9216
148.3540840847064,-20.769659984289095,148.40316361376972,-20.769272640657782,148.40358036250694,-20.815439125745538,148.35448581512694,-20.815826572507113,CRS84,4096,9728
148.3953657267249,-19.890393623240048,148.44416545753998,-19.89000195556233,148.44458769244656,-19.93616347484145,148.39577390543786,-19.9365553676442,CRS84,4608,0
148.396185970997,-19.982898125019215,148.44501373960767,-19.982505898609595,148.44544000130153,-20.02866828348016,148.39659834316478,-20.029061014916397,CRS84,4608,1024
148.4036772529598,-20.81552869901897,148.4527709178855,-20.815127379236927,148.4532030555083,-20.861293436468184,148.40409434238114,-20.8616948945542,CRS84,4608,10240
148.39659915171436,-20.02915135424731,148.4454408370666,-20.028758621641007,148.44586858971866,-20.07492189510869,148.39701294637388,-20.075315310338546,CRS84,4608,1536
148.39701375720935,-20.0754056518687,148.44586942799614,-20.07501223515272,148.44629826195708,-20.121176494512895,148.39742848261983,-20.121570726890187,CRS84,4608,2048
148.3974292948413,-20.121661070549568,148.44629910196898,-20.12126683648884,148.44672864931292,-20.167432047435426,148.3978445426122,-20.16782716287569,CRS84,4608,2560
148.39784535553179,-20.167917508360016,148.44672949040918,-20.167522391175385,148.44715946186565,-20.213688432099755,148.39826083475225,-20.21408443100112,CRS84,4608,3072
148.39826164791717,-20.214174777902095,148.44716030356673,-20.2137787773104,148.44759049754433,-20.259945483366288,148.39867718085327,-20.26034231661629,CRS84,4608,3584
148.39867799401256,-20.260432664515797,148.44759133953744,-20.260035829706812,148.44802163301975,-20.306203026511902,148.39909349275533,-20.30660061514048,CRS84,4608,4096
148.39909430580667,-20.306690963663335,148.4480224751304,-20.30629337364737,148.44845280660655,-20.35246089825812,148.39950974486774,-20.35285915045039,CRS84,4608,4608
148.39577470654066,-19.93664570389006,148.44458852090722,-19.93625381057243,148.44501290715806,-19.982415561990564,148.39618516573,-19.98280778759249,CRS84,4608,512
148.3995105578059,-20.35294949928548,148.44845364876247,-20.35255124588899,148.44888400022256,-20.398718957109153,148.3999259504662,-20.39911778030191,CRS84,4608,5120
148.3999267633427,-20.39920812920416,148.44888484242045,-20.398809304983235,148.449315223972,-20.444977086434164,148.40034214418458,-20.445376394631165,CRS84,4608,5632
148.4003429570795,-20.445466743414197,148.44931606625096,-20.445067434347727,148.4497465044628,-20.491235193400307,148.4007583703475,-20.49163491080857,CRS84,4608,6144
148.4007591833516,-20.491725259334267,148.44974734688512,-20.491325541193525,148.45017787666183,-20.537493205968918,148.4011746758137,-20.537893268182863,CRS84,4608,6656
148.40117548901802,-20.53798361635086,148.45017871930008,-20.537583553519088,148.45060937858753,-20.58375106930279,148.40159110593927,-20.584151423037603,CRS84,4608,7168
148.40159191942934,-20.584241770776188,148.4506102215166,-20.583841416517327,148.45104104807209,-20.63000874229813,148.40200770254327,-20.63040934437467,CRS84,4608,7680
148.40200851639662,-20.630499691633425,148.45104189136433,-20.63009908910813,148.45147292093628,-20.676266194555083,148.40242450308457,-20.676667010581046,CRS84,4608,8192
148.40242531736993,-20.676757357325165,148.45147376465897,-20.676356540909925,148.4519050300821,-20.72252340387705,148.4028415405276,-20.722924406881834,CRS84,4608,8704
148.40284235530504,-20.723014753087813,148.45190587429636,-20.722613749740024,148.4523374051533,-20.768780354277695,148.4032588435715,-20.76918152343556,CRS84,4608,9216
148.4032596588932,-20.769271869088026,148.4523382499138,-20.76887069962257,148.4527700725303,-20.815037034428542,148.40367643704886,-20.81543835392963,CRS84,4608,9728
148.00419606192045,-19.89304973110728,148.05299745300718,-19.892765294253653,148.05330895923427,-19.938929690017563,148.0044943337551,-19.93921678109364,CRS84,512,0
148.00479218670168,-19.985569455380602,148.0536237621816,-19.9852796756189,148.05393562640026,-20.031451100661652,148.0050872585201,-20.031741188437646,CRS84,512,1024
148.01012934389442,-20.818237254981756,148.05922905751237,-20.817949537943147,148.05954155770388,-20.86411597773623,148.01042707192383,-20.864403735586524,CRS84,512,10240
148.005087835438,-20.03183154351217,148.0539362351433,-20.031541456166533,148.0542467936268,-20.077713041825067,148.0053825658119,-20.078002735619005,CRS84,512,1536
148.00538314253268,-20.07809308975238,148.0542474006114,-20.077803396894925,148.05455735667599,-20.123974635413663,148.00567787706186,-20.124263854729968,CRS84,512,2048
148.00567845393232,-20.124354208115353,148.05455796294825,-20.12406498967792,148.05486770541995,-20.17023581067872,148.00597330132882,-20.170524620929978,CRS84,512,2560
148.00597387847242,-20.17061497367412,148.05486831150753,-20.17032616413788,148.05517803524415,-20.216496589584363,148.00626888049717,-20.216785075232256,CRS84,512,3072
148.00626945796608,-20.216875427393816,148.055178641414,-20.216586942302488,148.0554884470661,-20.26275700520299,148.00656463340198,-20.263045240633133,CRS84,512,3584
148.0065652112215,-20.263135592245874,148.05548905346012,-20.262847357241103,148.05579899597558,-20.309017085324996,148.006860569643,-20.30930513067217,CRS84,512,4096
148.00686114782684,-20.30939548175651,148.05579960267386,-20.309107436730358,148.05610971380787,-20.35527685083361,148.007156694653,-20.35556475368246,CRS84,512,4608
148.0044949177094,-19.93930713571968,148.05330957334556,-19.939020036405967,148.05362315006184,-19.985189321642984,148.0047916083841,-19.9854790991735,CRS84,512,512
148.0071572732093,-20.355655104251202,148.05611032085798,-20.355367201641002,148.05642061996127,-20.401536316986668,148.00745301180285,-20.401824114976893,CRS84,512,5120
148.00745359073687,-20.40191446503833,148.05642122739303,-20.401626667221397,148.056731726842,-20.447795494903684,148.00774952336545,-20.448083218031126,CRS84,512,5632
148.00775010268097,-20.448173567590747,148.05673233467493,-20.447885844584242,148.05704304274465,-20.4940543927393,148.0080462309933,-20.49434206515582,CRS84,512,6144
148.00804681069312,-20.4944324142173,148.05704365099214,-20.494144741879303,148.05735457344866,-20.540313016527083,148.0083431359706,-20.540600657895965,CRS84,512,6656
148.00834371605694,-20.54069100646174,148.05735518212018,-20.54040336513666,148.05766632314032,-20.586571370770727,148.00864023935384,-20.586858997277513,CRS84,512,7168
148.00864081982863,-20.586949345349197,148.0576669322429,-20.586661718857478,148.0579782949657,-20.63282945885714,148.0089375420538,-20.633117083964944,CRS84,512,7680
148.0089381229187,-20.633207431543546,148.0579789045047,-20.632919806426795,148.05829049137307,-20.67908728334705,148.00923504488514,-20.679374918365024,CRS84,512,8192
148.0092356261417,-20.679465265451142,148.05829110135278,-20.67917763040394,148.05860291433143,-20.725344846181805,148.0095327485977,-20.725632500696943,CRS84,512,8704
148.00953333024728,-20.725722847290864,148.05860352475528,-20.725435192729222,148.0589155654735,-20.771602148832326,148.00983065389642,-20.771889831040887,CRS84,512,9216
148.0098312359404,-20.771980177142645,148.0589161763445,-20.771692494872752,148.05922844619175,-20.81785919240783,148.01012876145475,-20.81814690937228,CRS84,512,9728
148.44426095579814,-19.890001175975367,148.49306044207694,-19.88959610589807,148.4934967772444,-19.93575739076823,148.44468321822976,-19.936162694805926,CRS84,5120,0
148.44510929279383,-19.982505117942157,148.4939368728947,-19.98209949782425,148.49437708612137,-20.02826143123443,148.44553558170344,-20.028667501885042,CRS84,5120,1024
148.45286699070584,-20.81512658035767,148.5019597535644,-20.814711472028367,148.5024069884025,-20.860877344866015,148.4532991577988,-20.861292637274495,CRS84,5120,10240
148.44553641752182,-20.028757840043752,148.4943779491999,-20.028351768362622,148.4948196910223,-20.07451444013669,148.44596419748842,-20.074921112264246,CRS84,5120,1536
148.44596503581957,-20.075011452305553,148.4948205567617,-20.074604778866505,148.49526348716617,-20.12076830944502,148.44639389734238,-20.121175710161832,CRS84,5120,2048
148.44639473740853,-20.12126605213465,148.49526435490253,-20.120858649898334,148.4957081498824,-20.16702305070229,148.44682431264656,-20.16743126142906,CRS84,5120,2560
148.44682515379773,-20.167521605165717,148.4957090190227,-20.1671133928113,148.49615340459238,-20.213278593707344,148.44725515349995,-20.213687644403734,CRS84,5120,3072
148.44725599525663,-20.213777989611096,148.49615427466193,-20.21336893727602,148.49659904172267,-20.259534818362447,148.44768621780295,-20.25994469403991,CRS84,5120,3584
148.44768705985223,-20.26003504037736,148.49659991237755,-20.259625163126746,148.49704491664392,-20.305791582581517,148.44811738217197,-20.306202235677294,CRS84,5120,4096
148.44811822433925,-20.30629258280996,148.49704578766028,-20.305881928257023,148.49749094081346,-20.352048742575484,148.44854858486002,-20.352460106070474,CRS84,5120,4608
148.44468404674402,-19.936253030535898,148.49349763317846,-19.935847725984917,148.4939360131267,-19.98200916194404,148.4451084602909,-19.98241478132463,CRS84,5120,512
148.44854942707292,-20.352550453698857,148.49749181206533,-20.352139088888958,148.49793706947702,-20.398306165300458,148.4489798077275,-20.398718163733676,CRS84,5120,5120
148.44898064998267,-20.3988085116056,148.49793794091164,-20.398396512007416,148.49838328942445,-20.44456373461511,148.44941106083112,-20.44497629203066,CRS84,5120,5632
148.4494119031675,-20.44506663994236,148.4983841610397,-20.44465408150697,148.4988296085489,-20.49082135314058,148.44984237074246,-20.491234398114305,CRS84,5120,6144
148.44984321322227,-20.491324745905928,148.49883048037518,-20.490911700045352,148.4992760477567,-20.537078941569654,148.45027377240234,-20.537492409927655,CRS84,5120,6656
148.45027461509818,-20.537582757476468,148.49927691984337,-20.53716928834895,148.49972263511626,-20.58333643669611,148.450705303812,-20.583750272614278,CRS84,5120,7168
148.4507061467987,-20.58384061982765,148.4997235075223,-20.583426783240657,148.5001694018587,-20.629593788978042,148.45113700279293,-20.63000794505203,CRS84,5120,7680
148.45113784614279,-20.63009829186101,148.50017027464636,-20.629684135202826,148.5006163797862,-20.675850960099712,148.45156890516023,-20.6762653968245,CRS84,5120,8192
148.45156974894056,-20.676355743178448,148.500617253017,-20.675941305939396,148.5010635996905,-20.722107920762802,148.45200104381368,-20.72252260572069,CRS84,5120,8704
148.45200188808556,-20.722612951582878,148.50106447342287,-20.722198266167695,148.5015110904644,-20.76836464879622,148.45243344839722,-20.76877955574205,CRS84,5120,9216
148.45243429321536,-20.768869901086227,148.50151196475258,-20.768454993728916,148.5019588786709,-20.814621127595704,148.452866145293,-20.815036235549925,CRS84,5120,9728
148.49315593984852,-19.889595300083677,148.54195517337106,-19.8891768279698,148.54240562118585,-19.935337868017154,148.49359230256877,-19.935756584486207,CRS84,5632,0
148.49403242569048,-19.982098690934002,148.54285979662703,-19.98167966644697,148.5433139932845,-20.027841184238635,148.49447266619867,-20.028260623502508,CRS84,5632,1024
148.50205582463704,-20.8147106462418,148.55114770670085,-20.81428182369198,148.5516100507319,-20.860447464083414,148.50250308897608,-20.8608765186727,CRS84,5632,10240
148.4944735293306,-20.028350960628796,148.54331488372617,-20.027931520431117,148.54377062792528,-20.074093650569683,148.49491529848652,-20.074513631292724,CRS84,5632,1536
148.4949161642796,-20.074603970020114,148.54377152112457,-20.074183988118868,148.54422853023314,-20.12034686109553,148.49535912219335,-20.120767499250302,CRS84,5632,2048
148.49535998998377,-20.120857839700783,148.5442294256261,-20.120437200165842,148.54468741765436,-20.16660085731078,148.49580381273364,-20.167022238990292,CRS84,5632,2560
148.49580468192858,-20.16711258109623,148.5446883147109,-20.16669119790518,148.54514703750357,-20.212855607847473,148.49624909556698,-20.213277780399128,CRS84,5632,3072
148.4962499656918,-20.213368123964656,148.54514793577215,-20.21294594984767,148.54560718347366,-20.259111030715992,148.49669476111754,-20.25953400346059,CRS84,5632,3584
148.4966956318282,-20.259624348221838,148.54560808260163,-20.259201373927105,148.5460677006764,-20.30536701518065,148.4971406647261,-20.30579076615204,CRS84,5632,4096
148.49714153579868,-20.30588111182465,148.54606860041054,-20.305457359370774,148.546528482623,-20.351623439639212,148.49758671780663,-20.352047924726158,CRS84,5632,4608
148.49359315855656,-19.935846919701888,148.5424065046407,-19.93542820271221,148.5428589094722,-19.981589331263546,148.49403156586908,-19.982008355055193,CRS84,5632,512
148.49758758911517,-20.352138271036985,148.54652938279818,-20.351713784569327,148.54698946381774,-20.397880184255154,148.49803287555847,-20.398305346161116,CRS84,5632,5120
148.49803374705004,-20.398395692865687,148.54699036434042,-20.397970529698664,148.54745061085816,-20.444137138668115,148.49847912472856,-20.444562914322336,CRS84,5632,5632
148.49847999640096,-20.44465326121209,148.5474515116887,-20.444227484421766,148.5479119138707,-20.490394205839277,148.4989254731739,-20.490820531827204,CRS84,5632,6144
148.4989263450575,-20.490910878730112,148.54791281500786,-20.490484551727675,148.54837337919568,-20.536651303227853,148.49937194177238,-20.53707811935838,CRS84,5632,6656
148.49937281391652,-20.537168466136027,148.5483742806637,-20.536741649103853,148.54883502360872,-20.58290836232932,148.49981855857132,-20.583335613696278,CRS84,5632,7168
148.49981943103492,-20.583425960239385,148.5488359254475,-20.582998708072072,148.54929687001356,-20.629165327340797,148.50026535478693,-20.629592965284548,CRS84,5632,7680
148.50026622763218,-20.62968331150806,148.54929777227164,-20.629255672852647,148.54975894438186,-20.675422153464076,148.5007123622116,-20.675850135793276,CRS84,5632,8192
148.50071323550003,-20.675940481631827,148.5497598471115,-20.67551249866715,148.55022127367346,-20.72167880515586,148.5011596116311,-20.722107095910943,CRS84,5632,8704
148.5011604854211,-20.722197441314826,148.55022217692732,-20.721769149988695,148.55068388448916,-20.767935254493437,148.50160713193515,-20.76836382345469,CRS84,5632,9216
148.50160800628103,-20.768454168386484,148.55068478831822,-20.768025598907975,148.55114680224844,-20.814191479733,148.50205494968583,-20.81462030180997,CRS84,5632,9728
148.54205067063995,-19.88917599592869,148.59084964318717,-19.888744122153252,148.5913142130788,-19.93490490597172,148.54250114602854,-19.935337035486974,CRS84,6144,0
148.54295534899555,-19.981678833317474,148.59178249329722,-19.98124639766798,148.59225070148733,-20.027407522730716,148.54340957299317,-20.02784035032327,CRS84,6144,1024
148.55124377607657,-20.814280971133197,148.60033480693568,-20.813838497976878,148.60081226481137,-20.860003857384097,148.55170614962464,-20.86044661102305,CRS84,6144,10240
148.54341046348833,-20.027930686514,148.59225161934071,-20.02749785805375,148.59272138302347,-20.073659489760267,148.5438662350519,-20.07409281564168,CRS84,6144,1536
148.5438671283048,-20.07418315318867,148.5927223036974,-20.073749826228983,148.5931933869982,-20.119912097317602,148.5443241649032,-20.120346024940094,CRS84,6144,2048
148.54432506035013,-20.120436364007826,148.59319431001398,-20.120002435119048,148.59366646885243,-20.16616540573022,148.54478308007205,-20.166600019759414,CRS84,6144,2560
148.544783977183,-20.166690360350966,148.59366739374138,-20.166255744915965,148.59414040002693,-20.21241941201832,148.54524272791895,-20.21285476879652,CRS84,6144,3072
148.5452436262425,-20.212945110793733,148.59414132637025,-20.212509752530025,148.5946149839067,-20.258674065055423,148.54570290215074,-20.259110190129036,CRS84,6144,3584
148.54570380133418,-20.259200533337147,148.5946159113577,-20.258764406757052,148.5950900633383,-20.30492928214234,148.54616344786788,-20.305366173079644,CRS84,6144,4096
148.54616434765794,-20.305456517266865,148.59509099163003,-20.3050196248517,148.59556552139736,-20.351184963927714,148.5466242585544,-20.351622596090195,CRS84,6144,4608
148.54250202953716,-19.935427370180992,148.591315124091,-19.934995240132064,148.59178157869894,-19.98115606315828,148.54295446178716,-19.98158849813538,CRS84,6144,512
148.54662515878596,-20.35171294101756,148.59556645033896,-20.351275307442684,148.59604127773906,-20.397441006111933,148.54708526868004,-20.397879339352905,CRS84,6144,5120
148.5470861692594,-20.39796968479388,148.59604220720576,-20.397531350229848,148.596517282701,-20.443697307586636,148.54754644480653,-20.44413629252266,CRS84,6144,5632
148.54754734569403,-20.444226638274003,148.5965182126215,-20.44378765211683,148.596993510776,-20.489953775400693,148.5480077770275,-20.49039335856538,CRS84,6144,6144
148.54800867822183,-20.490483704451684,148.59699444111996,-20.490044120171557,148.5974699544601,-20.536210327259354,148.54846927165516,-20.536650454937583,CRS84,6144,6656
148.54847017318048,-20.536740800811707,148.59747088522693,-20.536300672121314,148.5979466189784,-20.582466892298278,148.54893094544255,-20.582907513127363,CRS84,6144,7168
148.54893184733874,-20.582997858868428,148.5979475501878,-20.582557237124018,148.59842351804838,-20.628723410766323,148.549392821276,-20.629164477321886,CRS84,6144,7680
148.5493937235916,-20.629254822832227,148.59842444973316,-20.62881375544948,148.59890067064134,-20.674979833096657,148.54985492511443,-20.675421302711914,CRS84,6144,8192
148.54985582790167,-20.675511647913623,148.59890160284206,-20.675070177549607,148.599378098607,-20.721236118697107,148.5503172839088,-20.721677953743033,CRS84,6144,8704
148.55031818722034,-20.72176829857464,148.5993790313679,-20.721326462848527,148.59985582499561,-20.767492234670797,148.55077992425413,-20.76793440248197,CRS84,6144,9216
148.5507808281409,-20.768024746895396,148.5998567583621,-20.76758257846314,148.6003338729189,-20.813748154589657,148.55124287156642,-20.814190627175233,CRS84,6144,9728
148.5909451399373,-19.88874326388617,148.63974384329106,-19.888297988836182,148.6402225425441,-19.934458504365914,148.59140973741884,-19.93490404719257,CRS84,6656,0
148.59187804520673,-19.981245538288615,148.64070494767674,-19.98079968705087,148.64118719172964,-20.026960433181678,148.5923462807881,-20.027406662600278,CRS84,6656,1024
148.60043087467855,-20.813837618759745,148.64952108934983,-20.81338154784574,148.65001365904502,-20.85954657866188,148.60090836207354,-20.860002977571085,CRS84,6656,10240
148.59234719869508,-20.02749699792166,148.6411881370397,-20.027050767679377,148.64167193835155,-20.073211931501618,148.59281698977736,-20.07365862868812,CRS84,6656,1536
148.59281791050498,-20.073748965154802,148.64167288652328,-20.073302266963747,148.64215804720436,-20.119463978929247,148.5932890212957,-20.119911235113506,CRS84,6656,2048
148.5932899443654,-20.120001572912575,148.64215899783068,-20.119554315552733,148.64264530697565,-20.165716646984272,148.59376213085366,-20.166164542232305,CRS84,6656,2560
148.59376305579693,-20.166254881415394,148.64264625964472,-20.165806984853074,148.64313351303954,-20.211969952944045,148.59423608993953,-20.212418547111493,CRS84,6656,3072
148.59423701633756,-20.21250888762036,148.64313446736864,-20.212060292044896,148.64362248187692,-20.258223869952896,148.59471070196128,-20.258673198678107,CRS84,6656,3584
148.59471162946747,-20.25876354037684,148.64362343753467,-20.258314210198073,148.64411205946067,-20.30447833928538,148.59518580976712,-20.304928414283864,CRS84,6656,4096
148.5951867381145,-20.305018756990343,148.64411301617787,-20.304568680537077,148.64460212427127,-20.35073328236032,148.59566129641857,-20.351184094619743,CRS84,6656,4608
148.5914106484849,-19.93499438135185,148.64022348114256,-19.93454883797469,148.64070400558828,-19.980709353204812,148.59187713055482,-19.98115520378023,CRS84,6656,512
148.59566222541625,-20.35127443813194,148.6446030818422,-20.350823624452683,148.64509258632168,-20.396988610995948,148.59613708154723,-20.397440135417533,CRS84,6656,5120
148.59613801107028,-20.39753047953282,148.64509354459952,-20.397078953752914,148.64558338370915,-20.44324423525461,148.59661311546282,-20.443696435589267,CRS84,6656,5632
148.59661404544,-20.443786780117,148.64558434259746,-20.443334578502682,148.64607447799185,-20.48950006885231,148.5970893726302,-20.489952902194656,CRS84,6656,6144
148.59709030303114,-20.490043246963264,148.64607543743531,-20.489590412428996,148.6465658493269,-20.535756032466892,148.5975658455197,-20.536209452942387,CRS84,6656,6656
148.59756677634368,-20.536299797802275,148.64656680930196,-20.535846376225408,148.64705749194604,-20.58201205541821,148.5980425393342,-20.582466016966144,CRS84,6656,7168
148.59804347060089,-20.582556361789997,148.6470584524525,-20.58210239922944,148.6475494102589,-20.628268076194654,148.59851946777283,-20.6287225345093,CRS84,6656,7680
148.59852039951505,-20.628812879190725,148.64755037131317,-20.62835841994738,148.64804161567653,-20.674524042230015,148.59899664979258,-20.674978955997418,CRS84,6656,8192
148.5989975820508,-20.675069300448808,148.64804257730603,-20.674614385829937,148.64853412413095,-20.720779909241404,148.59947410723214,-20.721235240829813,CRS84,6656,8704
148.59947504005066,-20.721325584979798,148.64853508636986,-20.720870252609576,148.64902695420633,-20.767035640349214,148.5999518631339,-20.767491356100784,CRS84,6656,9216
148.59995279655809,-20.767581699891817,148.64902791709264,-20.76712598342022,148.64952012577677,-20.813291205125612,148.60042994060404,-20.81374727537373,CRS84,6656,9728
148.63983933950635,-19.888297104343902,148.6886377654495,-19.88783842841837,148.68913059975418,-19.93399866315493,148.64031806636183,-19.934457619337515,CRS84,7168,0
148.64080049909927,-19.98079880141466,148.68962714617908,-19.980339531665106,148.6901234469985,-20.026499906161934,148.64128277058748,-20.026959546814297,CRS84,7168,1024
148.64961715553204,-20.81338064206339,148.69870659197383,-20.81291101595228,148.69921426566682,-20.85907567259498,148.65010975473658,-20.85954567219235,CRS84,7168,10240
148.6412837159512,-20.02704988131041,148.69012441980556,-20.026590239862255,148.69062227647396,-20.072750956825605,148.64176754469793,-20.073211044242065,CRS84,7168,1536
148.6417684929234,-20.07330137970229,148.69062325217016,-20.072841291334615,148.69112249769853,-20.11900247640278,148.64225368110567,-20.11946309061035,CRS84,7168,2048
148.64225463178593,-20.119553427231615,148.69112347593645,-20.11909281191923,148.69162392798285,-20.165254542427395,148.6427409685586,-20.165715757454986,CRS84,7168,2560
148.6427419212819,-20.165806095321294,148.6916249084015,-20.165344879055993,148.69212638519343,-20.211507186289303,148.64322920247642,-20.211969062086286,CRS84,7168,3072
148.6432301568601,-20.21205940118445,148.69212736744652,-20.211597524050013,148.69262970033827,-20.257760399810834,148.6437181993675,-20.258222977690178,CRS84,7168,3584
148.64371915508028,-20.258313317932576,148.6926306841148,-20.257850738654593,148.69313372590264,-20.304014144156383,148.6442078052147,-20.304477445583974,CRS84,7168,4096
148.64420876198733,-20.30456778683286,148.69313471093878,-20.304104483983558,148.69363834004702,-20.350268359270196,148.6446978984942,-20.350732387225015,CRS84,7168,4608
148.64031900501416,-19.93454795294519,148.68913156596184,-19.93408899619269,148.6896261765616,-19.980249198481676,148.6407995569571,-19.980708467569904,CRS84,7168,512
148.64469885612095,-20.350822729314615,148.69363932613095,-20.350358699948604,148.6941434474137,-20.396522972535852,148.64518838920463,-20.396987714462757,CRS84,7168,5120
148.6451893475386,-20.39707805721704,148.6941444343843,-20.39661331391631,148.6946489775436,-20.44277790592247,148.64567921542303,-20.44324333738239,CRS84,7168,5632
148.6456801743678,-20.443333680627916,148.6946499652859,-20.44286824785109,148.69515488187946,-20.489033081366724,148.64617033868512,-20.48949916971479,CRS84,7168,6144
148.64617129818535,-20.489589513289094,148.69515587031762,-20.489123423693673,148.69566113014727,-20.53528842446932,148.64666173912573,-20.53575513214574,CRS84,7168,6656
148.64666269915776,-20.535845475902022,148.69566211923768,-20.535378767054553,148.69616770667736,-20.581543866764274,148.64715341095607,-20.582011153997627,CRS84,7168,7168
148.6471543715197,-20.582101497806782,148.6961686964014,-20.581634209480782,148.69667460700748,-20.62779934688188,148.64764535856781,-20.628267173757354,CRS84,7168,7680
148.6476463196794,-20.628357517508174,148.6966755973654,-20.62788968961708,148.69718183494237,-20.674054810917305,148.6481375933571,-20.67452313885456,CRS84,7168,8192
148.648138555044,-20.674613482452717,148.69718282594803,-20.674145153573182,148.69768940012574,-20.720310212270267,148.64863013124383,-20.720779005000487,CRS84,7168,8704
148.6486310935403,-20.72086934836704,148.69769039180235,-20.720400554762676,148.6981973161092,-20.766565511163314,148.6491229908029,-20.767034735308805,CRS84,7168,9216
148.64912395374685,-20.76712507837832,148.698198308486,-20.766655853420836,148.69870559886405,-20.812820673989723,148.64961619190123,-20.813290299344654,CRS84,7168,9728
148.68873326111387,-19.887837517701684,148.73753140143026,-19.88736544131163,148.73803837526586,-19.93352538243994,148.6892261230308,-19.93399775187736,CRS84,7680,0
148.68972269708942,-19.980338619767423,148.73854907641555,-19.97986592956664,148.73905945191316,-20.026025935000977,148.69021902538188,-20.02649899354223,CRS84,7680,1024
148.69880265667112,-20.81291008367845,148.74789135375457,-20.8124269354772,148.74841411882176,-20.858591175163056,148.69931035985314,-20.859074739547466,CRS84,7680,10240
148.6902199982427,-20.026589327241012,148.739060452253,-20.026116267919935,148.7395723808918,-20.072276551840286,148.69071788237963,-20.07275004334715,CRS84,7680,1536
148.69071885812963,-20.072840377854337,148.7395733841398,-20.072366885433773,148.7400867241647,-20.11852756736271,148.69121813117644,-20.119001561919106,CRS84,7680,2048
148.6912191094683,-20.11909189743345,148.74008773002325,-20.11861790182634,148.74060232348188,-20.16477906164885,148.69171958913458,-20.165253626799938,CRS84,7680,2560
148.6917205696074,-20.165343963426196,148.74060333163467,-20.16486939709987,148.74111901720872,-20.2110310756414,148.69222207416263,-20.211506269402165,CRS84,7680,3072
148.69222305647023,-20.211596607160324,148.7411200273442,-20.211121412123756,148.74163665109074,-20.25728361528297,148.6927254172975,-20.25775948157979,CRS84,7680,3584
148.69272640112885,-20.257849820420862,148.7416376629205,-20.257373952777932,148.74215508606156,-20.303536657886653,148.69322947103942,-20.30401322453226,CRS84,7680,4096
148.6932304561308,-20.304103564356694,148.7421560993324,-20.303626996326628,148.74267420292804,-20.349790159416905,148.69373411355156,-20.350267438237584,CRS84,7680,4608
148.68922708929242,-19.93408808491398,148.73803936910124,-19.933615714885413,148.73854807923666,-19.979775597051294,148.68972172741815,-19.98024828658529,CRS84,7680,512
148.69373509969108,-20.350357778913235,148.7426752174282,-20.349880498699747,148.7431939042808,-20.396044061615584,148.69423924946926,-20.396522050108675,CRS84,7680,5120
148.69424023649583,-20.39661239148645,148.7431949198415,-20.396134401617886,148.7437141142547,-20.442298298270956,148.69474480832002,-20.442776982138085,CRS84,7680,5632
148.69474579611855,-20.442867324064114,148.7437151307479,-20.44238863885912,148.74423477683587,-20.488552800277965,148.69525074152946,-20.489032156279478,CRS84,7680,6144
148.69525173002418,-20.489122498603937,148.74423579417,-20.48864314131685,148.7447558533456,-20.53480749941267,148.69575701880524,-20.535287498144598,CRS84,7680,6656
148.69575800795243,-20.535377840727474,148.7447568714603,-20.534897840771777,148.74527731959617,-20.581062330921682,148.69626362445962,-20.58154293927342,CRS84,7680,7168
148.69626461424065,-20.581633281987717,148.74527833845647,-20.581152672479103,148.74579916306428,-20.62731723511908,148.69677055401368,-20.627798418298145,CRS84,7680,7680
148.69677154442877,-20.62788876103129,148.74580018265542,-20.627407576763837,148.7463213802939,-20.67357215821203,148.69727781125755,-20.67405388131284,CRS84,7680,8192
148.69727880232054,-20.674144223966795,148.7463224006164,-20.673662499845083,148.74684397463622,-20.719827052565293,148.6977854058226,-20.720309281713995,CRS84,7680,8704
148.69778639755665,-20.72039962420461,148.74684499570205,-20.719917394099593,148.74736695436218,-20.76608187658396,148.69829335125024,-20.766564579719564,CRS84,7680,9216
148.6982943436846,-20.7666549219754,148.7473679761912,-20.76617221794397,148.747890331137,-20.812336594356363,148.69880166350367,-20.81281974171746,CRS84,7680,9728
148.73762689652764,-19.88736450437135,148.7864247430021,-19.886879027939784,148.78694585991047,-19.93303866242258,148.73813389798326,-19.933524444913512,CRS84,8192,0
148.73864462679043,-19.979864991404416,148.78747072688324,-19.979378879476567,148.7879951924061,-20.02553851492615,148.73915502979344,-20.026024996117997,CRS84,8192,1024
148.74798741704274,-20.81242597676807,148.7970754129778,-20.811929331173314,148.79761325301018,-20.858093114403207,148.7485102115703,-20.85859021559978,CRS84,8192,10240
148.73915603018708,-20.026115329035452,148.7879962203101,-20.025628847070852,148.78852223613333,-20.071788706260424,148.73966798632554,-20.072275612119704,CRS84,8192,1536
148.73966898962738,-20.07236594571143,148.78852326695977,-20.071879038963647,148.78905071204102,-20.118039234740145,148.7401823571908,-20.118526626676257,CRS84,8192,2048
148.7401833631033,-20.118616961137878,148.78905174553373,-20.118129568191403,148.7895804826719,-20.16429018070124,148.74069798418316,-20.164778119870682,CRS84,8192,2560
148.7406989923901,-20.164868455319464,148.78958151855346,-20.16438051502459,148.79011140473662,-20.21054159129609,148.74121470570591,-20.211030132660724,CRS84,8192,3072
148.74121571589583,-20.211120469140635,148.7901124427277,-20.210631926552384,148.7906433382159,-20.256793482964706,148.74173236753316,-20.25728267101274,CRS84,8192,3584
148.74173337941764,-20.25737300850512,148.7906443780512,-20.256883819158688,148.79117615342687,-20.30304584591612,148.74225083061606,-20.303535712268012,CRS84,8192,4096
148.74225184394197,-20.30362605070532,148.79117719486672,-20.30313618300655,148.79170973576598,-20.349298649665744,148.74276997576894,-20.34978921241982,CRS84,8192,4608
148.73813489187262,-19.933614777357803,148.78694688138862,-19.933128994253202,148.7874697021158,-19.979288547639502,148.73864362955769,-19.97977465889038,CRS84,8192,512
148.7427709903245,-20.349879551699964,148.7917107786033,-20.349388987576603,148.7922439882379,-20.39555184879068,148.743289705581,-20.39604311323665,CRS84,8192,5120
148.74329072119744,-20.396133453236267,148.79224503230114,-20.39564218742225,148.7927788321335,-20.441805388284862,148.74380994417928,-20.442297348529372,CRS84,8192,5632
148.74381096072852,-20.442387689114902,148.79277987728653,-20.44189572752347,148.79331420633213,-20.48805920813881,148.74433063553775,-20.48855184921072,CRS84,8192,6144
148.74433165292828,-20.488642190247063,148.79331525247184,-20.48814954786489,148.7938500657058,-20.534313246982414,148.74485174096327,-20.534806547069646,CRS84,8192,6656
148.74485275913457,-20.53489688842631,148.79385111275843,-20.534403587076685,148.79438637903718,-20.58056744478655,148.7453732362529,-20.581061377361152,CRS84,8192,7168
148.74537425517005,-20.581151718916253,148.7943874269539,-20.580657785134406,148.79492312676757,-20.6268217447174,148.74589510886858,-20.627316280403864,CRS84,8192,7680
148.74589612851673,-20.627406622046433,148.7949241755201,-20.626912085211835,148.7954602987947,-20.673076094285992,148.7464173553406,-20.67357120240643,CRS84,8192,8192
148.7464183757203,-20.67366154403741,148.7954613483712,-20.673166434829177,148.79599789245427,-20.71933044594732,148.74693997900806,-20.719826095732735,CRS84,8192,8704
148.74694100013124,-20.719916437265095,148.79599894285562,-20.719420786451433,148.79653591075493,-20.765584757294437,148.74746298813153,-20.766080918785352,CRS84,8192,9216
148.74746401001806,-20.766171260143533,148.79653696199156,-20.765675097681644,148.79707436088862,-20.81183899097117,148.7479863943676,-20.812335635648953,CRS84,8192,9728
148.7865202375164,-19.886878064776752,148.83531778193492,-19.88637918873869,148.83585304471956,-19.932538503376506,148.78704138205094,-19.933037698647762,CRS84,8704,0
148.7875662767009,-19.979377915047806,148.83639208674333,-19.978878380576425,148.8369306554581,-20.02503764249711,148.78809076975688,-20.02553754977204,CRS84,8704,1024
148.79717147493025,-20.811928346069728,148.84625880611063,-20.811418220500663,148.84681170188432,-20.85758151130021,148.79770934438787,-20.85809212837174,CRS84,8704,10240
148.78809179771474,-20.02562788191523,148.83693171095385,-20.025127973867846,148.83747182770634,-20.07128741239883,148.78861784106593,-20.071787740280445,CRS84,8704,1536
148.78861887194626,-20.071878072981946,148.83747288613628,-20.071377744227384,148.8380144469849,-20.11753746542395,148.78914634458695,-20.118038267821813,CRS84,8704,2048
148.78914737813366,-20.118128601271138,148.83801550812757,-20.11762779789205,148.83855839351529,-20.163787880677024,148.78967614290013,-20.164289212730925,CRS84,8704,2560
148.78967717883583,-20.164379547052118,148.838559457127,-20.163878213911524,148.83910354024866,-20.210038709090693,148.79020709274974,-20.21054062216964,CRS84,8704,3072
148.7902081307952,-20.21063095742359,148.8391046060793,-20.210129043164056,148.83964976051564,-20.256289974768514,148.79073905414361,-20.256792512595474,CRS84,8704,3584
148.7907400940336,-20.256882848786965,148.83965082832256,-20.25638030970336,148.8401969342885,-20.302541678077148,148.79127189741763,-20.303044874239806,CRS84,8704,4096
148.79127293891247,-20.303135211327632,148.84019800384704,-20.30263201385359,148.84074495273273,-20.34879379980605,148.79180550797858,-20.349297676642184,CRS84,8704,4608
148.7870424035831,-19.933128030477164,148.83585409385276,-19.932628834568767,148.83639103436445,-19.978788049431348,148.78756525187953,-19.97928758321208,CRS84,8704,512
148.79180655087114,-20.349388014550385,148.84074602384337,-20.348884136370373,148.841293721022,-20.39504630574988,148.7923397888338,-20.395550874403224,CRS84,8704,5120
148.79234083295262,-20.395641213032132,148.8412947935143,-20.395136643023594,148.8418431596056,-20.44129915119502,148.7928746612708,-20.441804412537927,CRS84,8704,5632
148.79287570647972,-20.441894751773887,148.84184423333932,-20.44138948908325,148.8423932042375,-20.487552284953505,148.79341006416095,-20.48805823105438,CRS84,8704,6144
148.79341111035689,-20.488148570777884,148.84239427910168,-20.487642623352258,148.8429438051152,-20.533805652746512,148.7939459523656,-20.534312268596263,CRS84,8704,6656
148.79394699947466,-20.53440260868803,148.84294488102583,-20.533895991548615,148.8434949254551,-20.580059199869297,148.79448229465498,-20.580566465144344,CRS84,8704,7168
148.79448334262838,-20.580656805489806,148.843496002352,-20.580149538968875,148.84404653977774,-20.626312873161265,148.79501907145786,-20.62682076387132,CRS84,8704,7680
148.79502012026728,-20.62691110436345,148.84404761762102,-20.626403212456975,148.84459863210986,-20.67256662236052,148.79555627265964,-20.67307511229172,CRS84,8704,8192
148.79555732229323,-20.673165452832723,148.84459971087645,-20.672656961757664,148.8451511942459,-20.71882040094793,148.79609389558473,-20.71932946286172,CRS84,8704,8704
148.79609494604333,-20.71941980336376,148.84515227392632,-20.718910740359636,148.84570422415675,-20.765074166590544,148.79663194323163,-20.765583773173688,CRS84,8704,9216
148.79663299452565,-20.76567411355893,148.84570530475213,-20.765164505938376,148.84625772459106,-20.811327881286704,148.79717042278352,-20.81183800586945,CRS84,8704,9728
148.8354132758501,-19.88637819935377,148.88421050999966,-19.885865924156214,148.8847599208735,-19.932024905629028,148.83594856626573,-19.932537513353882,CRS84,9216,0
148.83648763598313,-19.978877389879898,148.88531314566157,-19.978364432374295,148.8858658288861,-20.02452331522666,148.83702623225483,-20.025036651066173,CRS84,9216,1024
148.8463548667962,-20.81141720903033,148.89544156700734,-20.810893614763255,148.8960094973647,-20.85705638072782,148.8469077919554,-20.85758049883524,CRS84,9216,10240
148.8370272878045,-20.025126982435395,148.88586691199762,-20.02461364581853,148.88642114199658,-20.07077266446565,148.83756743211038,-20.07128642014649,CRS84,9216,1536
148.83756849059424,-20.071376751973343,148.88642222805316,-20.0708629954275,148.88697791508997,-20.11702224927623,148.83811007902307,-20.11753647225133,CRS84,9216,2048
148.83811114021975,-20.11762680471754,148.8869790038993,-20.117112580781185,148.88753604343626,-20.1632721465936,148.83865405324624,-20.163786886481798,CRS84,9216,2560
148.8386551169121,-20.163877219714205,148.88753713478377,-20.163362478768562,148.88809541427395,-20.209522409379034,148.8391992277608,-20.210037713776007,CRS84,9216,3072
148.8392002936458,-20.210128047847096,148.88809650793587,-20.20961274230409,148.88865591322204,-20.255773067206984,148.83974547592243,-20.256288978250158,CRS84,9216,3584
148.83974654378395,-20.25637931318258,148.88865700897713,-20.255863400918184,148.88921742975762,-20.302024128344556,148.8402926777222,-20.3025406802884,CRS84,9216,4096
148.8402937473356,-20.3026310160623,148.88921852739674,-20.302114462839096,148.8897798614444,-20.348275582839012,148.84084072433765,-20.348792800700114,CRS84,9216,4608
148.83594961545296,-19.932627844544886,148.88476099767186,-19.93211523615871,148.8853120656519,-19.97827410193755,148.8364865835503,-19.97878705873618,CRS84,9216,512
148.84084179550345,-20.34888313726183,148.88978096077753,-20.348365918081935,148.89034311681598,-20.394527406124805,148.84138952094804,-20.395045305300332,CRS84,9216,5120
148.8413905934958,-20.395135642571407,148.89034421767644,-20.39461774205627,148.89090711699055,-20.44077956272748,148.84193898800262,-20.441298149394523,CRS84,9216,5632
148.8419400617921,-20.441388487280115,148.8909082192371,-20.440869899269867,148.89147179620767,-20.48703200974658,148.84248906125094,-20.487551281811474,CRS84,9216,6144
148.84249013617114,-20.487641620207633,148.8914728997246,-20.48712234681091,148.89203710153117,-20.533284699913185,148.84303969088296,-20.533804648286246,CRS84,9216,6656
148.8430407668499,-20.533894987085805,148.89203820622717,-20.533375037404596,148.8926029919686,-20.579537584119752,148.8435908401056,-20.58005819412484,CRS84,9216,7168
148.84359191705903,-20.58014853322195,148.8926040977745,-20.579627921941917,148.89316943723247,-20.62579061339969,148.84414248342893,-20.626311866174436,CRS84,9216,7680
148.84414356132893,-20.626402205467766,148.89317054409867,-20.625880951458154,148.89373641632778,-20.67204374038878,148.844694604869,-20.67256561417823,CRS84,9216,8192
148.84469568369255,-20.67265595357307,148.89373752422142,-20.672134078593317,148.89430391610387,-20.71829692033229,148.84524719621004,-20.718819391619846,CRS84,9216,8704
148.8452482759476,-20.718909731029374,148.89430502500605,-20.718387258598504,148.8948719298655,-20.764550111715856,148.84580025541337,-20.76507315616729,CRS84,9216,9216
148.84580133606605,-20.765163495513043,148.8948730397686,-20.764640449966098,148.895440456102,-20.81080327659948,148.84635378521915,-20.811326869818366,CRS84,9216,9728
148.8843060032996,-19.885864908550296,148.93310291896833,-19.885339234652253,148.9336664796653,-19.931497869549034,148.88485544180827,-19.9320238893593,CRS84,9728,0
148.88540869430375,-19.978363415409273,148.93423389369187,-19.97783703461515,148.93480070117545,-20.023995531321724,148.88596140510572,-20.02452229751479,CRS84,9728,1024
148.89553762648922,-20.81089257694295,148.9446237264161,-20.81035552018725,148.94520666903273,-20.856517732380304,148.8961055861894,-20.857055341853037,CRS84,9728,10240
148.8859624882712,-20.024612628105135,148.9348018119238,-20.024085861125787,148.9353701661529,-20.07024445807526,148.88651674584622,-20.070771645931142,CRS84,9728,1536
148.8865178319568,-20.070861976891297,148.93537127985735,-20.070334788172346,148.93594110296806,-20.116493578411315,148.88707354659368,-20.117021229831913,CRS84,9728,2048
148.8870746354571,-20.117111561335,148.93594221946088,-20.116583908965627,148.9365134197297,-20.162742966530782,148.88763170264514,-20.163271126147436,CRS84,9728,2560
148.88763279404685,-20.16336145832035,148.93651453882148,-20.16283329766743,148.937087016204,-20.208992676171103,148.88819110126525,-20.209521387841566,CRS84,9728,3072
148.8881921949815,-20.209611720764407,148.9370881376944,-20.209083007974854,148.9376617891861,-20.25524274069446,148.8887516280959,-20.25577204449767,CRS84,9728,3584
148.88875272390555,-20.25586237820651,148.93766291287383,-20.255333073211236,148.93823763725317,-20.30149317443401,148.88931317263237,-20.302023104396337,CRS84,9728,4096
148.88931427032634,-20.302113438888398,148.9382387629446,-20.301583507674557,148.93881446461236,-20.347743974956096,148.8898756324513,-20.348274557601137,CRS84,9728,4608
148.88485651866068,-19.93211421988767,148.93366758413717,-19.931588199391374,148.93423278603498,-19.977746704905115,148.8854076142401,-19.978273084973935,CRS84,9728,512
148.8898767318395,-20.3483648928415,148.93881559212787,-20.34783430890102,148.93939218391543,-20.393995125871317,148.89043891609364,-20.39452637956386,CRS84,9728,5120
148.89044001700947,-20.394616715492727,148.93939331309406,-20.394085460476944,148.93997071804915,-20.440246599857485,148.89100294468014,-20.44077853482705,CRS84,9728,5632
148.8910040469823,-20.440868871366817,148.93997184875096,-20.440336935061705,148.94055000100826,-20.48649836162146,148.89156765244866,-20.48703098050578,CRS84,9728,6144
148.8915687560215,-20.487121317567503,148.94055113311543,-20.486588697349372,148.94112997801625,-20.532750370606408,148.89213298645836,-20.533283669344602,CRS84,9728,6656
148.8921340912105,-20.533374006833455,148.94113111143253,-20.53284070677523,148.94171060507904,-20.579002583327927,148.89269890570972,-20.57953655224699,CRS84,9728,7168
148.89270001157203,-20.579626890066645,148.94171173972856,-20.579092919851206,148.94229184815208,-20.62525495528862,148.89326537990698,-20.6257895802549,CRS84,9728,7680
148.89326648682982,-20.62587991831091,148.94229298397744,-20.625345292079473,148.94287368207725,-20.67150744246975,148.89383238804615,-20.672042706010252,CRS84,9728,8192
148.89383349599666,-20.672133044212426,148.94287481903723,-20.67159777944347,148.94345608941586,-20.71776000243236,148.89439991696756,-20.718295884762384,CRS84,9728,8704
148.89440102592675,-20.71838622302631,148.9434572274832,-20.717850339508132,148.94403905927217,-20.764012595078132,148.89496795996726,-20.764549074999145,CRS84,9728,9216
148.89496906992753,-20.764639413247192,148.94404019843125,-20.7641029321803,148.9446225861714,-20.81026518312856,148.89553651552652,-20.810802238781292,CRS84,9728,9728
