tile,N_dates,tile_x,tile_y
1536_1024,71,1536,1024
1536_1536,71,1536,1536
2048_1024,71,2048,1024
2048_1536,71,2048,1536
4608_4608,71,4608,4608
4608_5120,71,4608,5120
4608_5632,71,4608,5632
4608_6144,71,4608,6144
5120_3584,71,5120,3584
5120_4096,71,5120,4096
5120_4608,71,5120,4608
5120_5120,71,5120,5120
5120_5632,71,5120,5632
5120_6144,71,5120,6144
5120_6656,71,5120,6656
5120_7168,71,5120,7168
5632_4096,71,5632,4096
5632_4608,71,5632,4608
5632_5120,71,5632,5120
5632_5632,71,5632,5632
5632_6144,71,5632,6144
5632_6656,71,5632,6656
5632_7168,71,5632,7168
5632_7680,71,5632,7680
5632_8192,71,5632,8192
5632_8704,71,5632,8704
6144_4096,71,6144,4096
6144_4608,71,6144,4608
6144_5120,71,6144,5120
6144_5632,71,6144,5632
6144_6144,71,6144,6144
6144_6656,71,6144,6656
6144_7168,71,6144,7168
6144_7680,71,6144,7680
6144_8192,71,6144,8192
6144_8704,71,6144,8704
6144_9216,71,6144,9216
6144_9728,71,6144,9728
6656_10240,71,6656,10240
6656_4096,71,6656,4096
6656_4608,71,6656,4608
6656_5120,71,6656,5120
6656_5632,71,6656,5632
6656_6144,71,6656,6144
6656_6656,71,6656,6656
6656_7168,71,6656,7168
6656_7680,71,6656,7680
6656_8192,71,6656,8192
6656_8704,71,6656,8704
6656_9216,71,6656,9216
6656_9728,71,6656,9728
7168_10240,71,7168,10240
7168_4096,71,7168,4096
7168_4608,71,7168,4608
7168_5120,71,7168,5120
7168_5632,71,7168,5632
7168_6656,71,7168,6656
7168_7168,71,7168,7168
7168_9728,71,7168,9728
7680_10240,71,7680,10240
7680_5120,71,7680,5120
7680_5632,71,7680,5632
7680_9728,71,7680,9728
8192_10240,71,8192,10240
8704_10240,71,8704,10240
